{"openapi":"3.0.0","paths":{"/":{"get":{"operationId":"AppController_getHello","parameters":[],"responses":{"200":{"description":""}}}},"/users":{"get":{"operationId":"UsersController_findAll","summary":"유저정보","parameters":[],"responses":{"200":{"description":"","content":{"application/json":{"schema":{"$ref":"#/components/schemas/User"}}}}},"tags":["Users"],"security":[{"bearer":[]}]}},"/users/findUser":{"post":{"operationId":"UsersController_findUser","summary":"회원찾기","parameters":[],"requestBody":{"required":true,"content":{"application/json":{"schema":{"$ref":"#/components/schemas/Email"}}}},"responses":{"403":{"description":"forbidden"}},"tags":["Users"],"security":[{"bearer":[]}]}},"/users/register":{"post":{"operationId":"UsersController_register","summary":"회원가입","parameters":[],"requestBody":{"required":true,"content":{"application/json":{"schema":{"$ref":"#/components/schemas/UsersDTO"}}}},"responses":{"200":{"description":"","content":{"application/json":{"schema":{"$ref":"#/components/schemas/UsersDTO"}}}},"403":{"description":"forbidden"}},"tags":["Users"],"security":[{"bearer":[]}]}}},"info":{"title":"Nestjs Boilerplate App","description":"The N.B.As API Description","version":"1.0","contact":{}},"tags":[{"name":"Users","description":""}],"servers":[{"url":"http://localhost:3001","description":"로컬 호스트 서버"},{"url":"http://1.2.3.4:3000","description":"Dev 서버"},{"url":"https://tech.blablabla.blabla/apis","description":"prod 서버"}],"components":{"schemas":{"User":{"type":"object","properties":{"id":{"type":"number","example":1,"description":"Auto-Created by DB"},"name":{"type":"string","example":"Jeonghun Lee","description":"The name of the user"},"address":{"type":"string","example":"Seoul-si","description":"The address of the user"},"gender":{"type":"string","example":"male","description":"The gender of the user"},"email":{"type":"string","example":"jhlee11@cookapps.com","description":"E-mail"},"password":{"type":"string","example":"passw@rd","description":"password of the user"},"isActive":{"type":"boolean","example":true,"description":""},"roles":{"example":{"standard":"standard","premium":"premium"},"description":"Users Role","type":"array","items":{"type":"string"}}},"required":["id","name","address","gender","email","password","isActive","roles"]},"Email":{"type":"object","properties":{"email":{"type":"string","example":"jhlee11@cookapps.com"}},"required":["email"]},"UsersDTO":{"type":"object","properties":{"email":{"type":"string","example":"jhlee11@cookapps.com","description":"E-mail"},"address":{"type":"string"},"name":{"type":"string","example":"Jeonghun Lee","description":"The name of the user"},"password":{"type":"string","example":"passw@rd","description":"password of the user"}},"required":["email","address","name","password"]}}}}